Type,Product,Started Date,Completed Date,Description,Amount,Fee,Currency,State,Balance
Card Payment,Current,2025-08-31 22:05:20,2025-09-01 12:35:19,A. Theoval Trading Ltd,-24.05,0.00,EUR,COMPLETED,101.60
Card Payment,Current,2025-08-31 15:21:15,2025-09-02 11:31:01,Pieto,-11.10,0.00,EUR,COMPLETED,90.50
Card Payment,Current,2025-09-02 16:56:53,2025-09-03 13:52:28,Utilities Payment,-5.00,0.00,EUR,COMPLETED,85.50
Card Payment,Current,2025-09-02 17:33:04,2025-09-03 13:52:58,E.Z. Kryou Nerou,-4.50,0.00,EUR,COMPLETED,81.00
Card Payment,Current,2025-09-02 15:52:28,2025-09-03 14:38:12,Thisacci,-2.20,0.00,EUR,COMPLETED,78.80
Card Payment,Current,2025-09-03 16:02:48,2025-09-04 15:03:47,Alexander,-33.50,0.00,EUR,COMPLETED,45.30
Card Payment,Current,2025-09-03 12:29:48,2025-09-04 15:03:52,Aphrodite,-3.20,0.00,EUR,COMPLETED,42.10
Card Payment,Current,2025-09-03 13:20:36,2025-09-04 16:34:57,Stow Your Bags Cyprus,-8.99,0.00,EUR,COMPLETED,33.11
Card Payment,Current,2025-09-03 08:42:26,2025-09-04 16:43:53,Utilities Payment,-7.50,0.00,EUR,COMPLETED,25.61
Card Payment,Current,2025-09-03 14:10:18,2025-09-04 16:44:06,Ekthesi Ierou Naou Ay.la,-14.00,0.00,EUR,COMPLETED,11.61
Transfer,Current,2025-09-05 00:47:05,2025-09-05 00:47:06,Transfer to LUCA LACATUSU,-7.92,0.00,EUR,COMPLETED,3.69
Exchange,Current,2025-09-09 15:40:50,2025-09-09 15:40:50,Exchanged to EUR,697.98,0.00,EUR,COMPLETED,701.67
Card Payment,Current,2025-09-09 21:41:42,2025-09-10 10:36:49,SPAR university,-1.40,0.00,EUR,COMPLETED,700.27
Card Payment,Current,2025-09-09 14:47:33,2025-09-10 13:32:41,Vending,-3.60,0.00,EUR,COMPLETED,696.67
Card Payment,Current,2025-09-09 19:37:27,2025-09-10 13:39:13,Jumbo Supermarkt,-79.41,0.00,EUR,COMPLETED,617.26
Transfer,Current,2025-09-10 20:11:20,2025-09-10 20:11:20,Transfer from Revolut user,35.00,0.00,EUR,COMPLETED,652.26
Transfer,Current,2025-09-10 19:46:42,2025-09-11 03:51:04,To Basic-Fit,-69.90,0.00,EUR,COMPLETED,582.36
Card Payment,Current,2025-09-10 11:18:26,2025-09-11 12:13:03,SPAR university,-1.95,0.00,EUR,COMPLETED,580.41
Card Payment,Current,2025-09-10 13:59:04,2025-09-11 12:16:40,SPAR university,-1.55,0.00,EUR,COMPLETED,578.86
Card Payment,Current,2025-09-10 19:22:11,2025-09-11 12:23:26,SPAR university,-2.60,0.00,EUR,COMPLETED,576.26
Card Payment,Current,2025-09-11 18:22:10,2025-09-12 12:09:06,SPAR university,-1.40,0.00,EUR,COMPLETED,574.86
Card Payment,Current,2025-09-11 14:29:34,2025-09-12 12:36:26,Maas,-4.00,0.00,EUR,COMPLETED,570.86
Transfer,Current,2025-09-12 17:59:21,2025-09-12 17:59:21,Transfer to Revolut user,-5.00,0.00,EUR,COMPLETED,565.86
Card Payment,Current,2025-09-12 16:51:20,2025-09-13 10:43:27,Albert Heijn,-63.53,0.00,EUR,COMPLETED,502.33
Card Payment,Current,2025-09-12 10:39:38,2025-09-13 10:44:07,Bedrijfsrestaurant,-3.00,0.00,EUR,COMPLETED,499.33
Card Payment,Current,2025-09-12 17:11:36,2025-09-13 11:00:21,Polat International Super,-2.00,0.00,EUR,COMPLETED,497.33
Card Payment,Current,2025-09-13 18:29:37,2025-09-14 11:09:43,Maas,-1.70,0.00,EUR,COMPLETED,495.63
Transfer,Current,2025-09-14 15:02:28,2025-09-15 04:10:06,To Stichting DUWO,-20.00,0.00,EUR,COMPLETED,475.63
Transfer,Current,2025-09-16 00:24:02,2025-09-16 00:24:03,Transfer to MIHNEA-ANDREI MATEA,-5.00,0.00,EUR,COMPLETED,470.63
Transfer,Current,2025-09-16 00:24:53,2025-09-16 00:24:54,Transfer from MIHNEA-ANDREI MATEA,2.50,0.00,EUR,COMPLETED,473.13
Card Payment,Current,2025-09-15 11:35:46,2025-09-16 12:48:52,Maas,-1.70,0.00,EUR,COMPLETED,471.43
Card Payment,Current,2025-09-16 21:28:03,2025-09-17 17:00:48,Maas,-1.70,0.00,EUR,COMPLETED,469.73
Card Payment,Current,2025-09-17 19:50:07,2025-09-18 11:49:59,Food station,-11.99,0.00,EUR,COMPLETED,457.74
Card Payment,Current,2025-09-17 14:14:41,2025-09-18 12:34:13,Bedrijfsrestaurant,-3.10,0.00,EUR,COMPLETED,454.64
Transfer,Current,2025-09-18 16:21:09,2025-09-18 16:21:09,Transfer to MIHNEA-ANDREI MATEA,-1.66,0.00,EUR,COMPLETED,452.98
Card Payment,Current,2025-09-17 20:09:04,2025-09-18 19:37:44,SPAR university,-2.60,0.00,EUR,COMPLETED,450.38
Card Payment,Current,2025-09-18 14:28:48,2025-09-19 11:15:07,Albert Heijn,-76.89,0.00,EUR,COMPLETED,373.49
Card Payment,Current,2025-09-18 21:10:36,2025-09-19 12:13:10,Stichting Pub,-4.00,0.00,EUR,COMPLETED,369.49
Card Payment,Current,2025-09-18 21:44:20,2025-09-19 12:13:18,SPAR university,-1.09,0.00,EUR,COMPLETED,368.40
Card Payment,Current,2025-09-18 21:46:02,2025-09-19 12:13:24,SPAR university,-1.80,0.00,EUR,COMPLETED,366.60
Card Payment,Current,2025-09-18 16:38:02,2025-09-19 19:32:28,Maas,-1.70,0.00,EUR,COMPLETED,364.90
Transfer,Current,2025-09-19 22:46:20,2025-09-19 22:46:20,Transfer to MIHNEA-ANDREI MATEA,-4.50,0.00,EUR,COMPLETED,360.40
Card Payment,Current,2025-09-19 20:13:47,2025-09-20 11:36:30,Swapfiets,-0.01,0.00,EUR,COMPLETED,360.39
Card Payment,Current,2025-09-19 17:01:37,2025-09-20 18:23:10,Food station,-11.99,0.00,EUR,COMPLETED,348.40
Transfer,Current,2025-09-21 01:46:27,2025-09-21 01:46:27,Transfer from DARIA ISTRATUCA,7.00,0.00,EUR,COMPLETED,355.40
Transfer,Current,2025-09-21 01:47:00,2025-09-21 01:47:01,Transfer to MIHNEA-ANDREI MATEA,-8.00,0.00,EUR,COMPLETED,347.40
Transfer,Current,2025-09-21 03:30:14,2025-09-21 03:30:14,Transfer to MIHNEA-ANDREI MATEA,-6.00,0.00,EUR,COMPLETED,341.40
Transfer,Current,2025-09-21 05:18:37,2025-09-21 05:18:38,Transfer from SERGIU TIRON,4.50,0.00,EUR,COMPLETED,345.90
Transfer,Current,2025-09-21 05:19:20,2025-09-21 05:19:20,Transfer from MIHNEA-ANDREI MATEA,4.50,0.00,EUR,COMPLETED,350.40
Transfer,Current,2025-09-21 06:21:18,2025-09-21 06:21:18,Transfer to VLAD-ANDREI SAVEANU,-2.97,0.03,EUR,COMPLETED,347.40
Card Payment,Current,2025-09-20 12:17:44,2025-09-21 16:00:27,SPAR university,-4.60,0.00,EUR,COMPLETED,342.80
Card Payment,Current,2025-09-21 03:56:55,2025-09-22 12:25:21,Millers,-1.00,0.00,EUR,COMPLETED,341.80
Card Payment,Current,2025-09-21 05:16:33,2025-09-22 13:12:50,Kings Spare Ribs,-18.00,0.00,EUR,COMPLETED,323.80
Card Payment,Current,2025-09-21 05:50:55,2025-09-23 18:24:59,OVpay,-4.82,0.00,EUR,COMPLETED,318.98
Transfer,Current,2025-09-23 19:48:32,2025-09-23 19:48:33,Transfer to SERGIU TIRON,-7.00,0.00,EUR,COMPLETED,311.98
Card Payment,Current,2025-09-23 12:16:49,2025-09-24 13:58:24,SPAR university,-1.95,0.00,EUR,COMPLETED,310.03
Card Payment,Current,2025-09-22 05:22:13,2025-09-24 17:02:34,OVpay,-3.10,0.00,EUR,COMPLETED,306.93
Card Payment,Current,2025-09-23 12:52:40,2025-09-24 17:03:10,Maas,-0.71,0.00,EUR,COMPLETED,306.22
Card Payment,Current,2025-09-23 12:51:45,2025-09-24 17:03:14,Maas,-1.00,0.00,EUR,COMPLETED,305.22
Transfer,Current,2025-09-24 22:12:33,2025-09-24 22:12:33,Transfer from MIHNEA-ANDREI MATEA,5.00,0.00,EUR,COMPLETED,310.22
Card Payment,Current,2025-09-24 13:55:39,2025-09-25 18:49:58,Food station,-11.99,0.00,EUR,COMPLETED,298.23
Card Payment,Current,2025-09-24 14:03:21,2025-09-25 20:09:39,SPAR university,-2.60,0.00,EUR,COMPLETED,295.63
Card Payment,Current,2025-09-24 21:16:22,2025-09-25 20:18:20,SPAR university,-3.80,0.00,EUR,COMPLETED,291.83
Transfer,Current,2025-09-26 15:54:50,2025-09-26 15:54:51,Transfer to TEODOR MIHAI PINTILIE,-15.00,0.00,EUR,COMPLETED,276.83
Card Payment,Current,2025-09-25 13:30:52,2025-09-26 15:57:06,Albert Heijn,-67.04,0.00,EUR,COMPLETED,209.79
Card Payment,Current,2025-09-25 16:28:43,2025-09-26 17:03:59,Maas,-3.30,0.00,EUR,COMPLETED,206.49
Card Payment,Current,2025-09-25 12:14:13,2025-09-26 21:44:43,YouTube,-3.57,0.00,EUR,COMPLETED,202.92
Card Payment,Current,2025-09-27 17:25:36,2025-09-28 11:48:19,Coffee-star,-2.45,0.00,EUR,COMPLETED,200.47
Card Payment,Current,2025-09-27 20:19:46,2025-09-28 20:44:37,Food station,-9.99,0.00,EUR,COMPLETED,190.48
Transfer,Current,2025-09-29 00:01:13,2025-09-29 00:01:13,Transfer from MIHNEA-ANDREI MATEA,11.00,0.00,EUR,COMPLETED,201.48
Transfer,Current,2025-09-28 23:39:29,2025-09-29 04:25:35,To TicketingPayments,-22.38,0.00,EUR,COMPLETED,179.10
Transfer,Current,2025-09-29 20:06:31,2025-09-29 20:06:32,Transfer to DARIA ISTRATUCA,-2.00,0.00,EUR,COMPLETED,177.10
Transfer,Current,2025-09-30 13:26:10,2025-09-30 13:26:10,Transfer to Revolut user,-0.01,0.00,EUR,COMPLETED,177.09
Transfer,Current,2025-09-30 17:31:15,2025-09-30 17:31:15,Transfer to MIHNEA-ANDREI MATEA,-10.00,0.00,EUR,COMPLETED,167.09
Card Payment,Current,2025-09-29 15:26:44,2025-09-30 18:21:55,SPAR university,-1.80,0.00,EUR,COMPLETED,165.29
Card Payment,Current,2025-09-30 18:04:05,2025-10-01 11:42:54,Maas,-1.70,0.00,EUR,COMPLETED,163.59
Card Payment,Current,2025-09-30 11:51:40,2025-10-01 15:37:31,SPAR university,-1.95,0.00,EUR,COMPLETED,161.64
Transfer,Current,2025-10-01 22:21:10,2025-10-01 22:21:11,Transfer from DARIA ISTRATUCA,2.00,0.00,EUR,COMPLETED,163.64
Card Payment,Current,2025-10-01 22:21:01,2025-10-02 12:39:58,Maas,-3.40,0.00,EUR,COMPLETED,160.24
Card Payment,Current,2025-10-01 13:41:03,2025-10-02 12:52:41,Bedrijfsrestaurant,-16.35,0.00,EUR,COMPLETED,143.89
Card Payment,Current,2025-10-01 13:58:21,2025-10-02 13:29:33,Bedrijfsrestaurant,-2.65,0.00,EUR,COMPLETED,141.24
Transfer,Current,2025-10-02 21:03:10,2025-10-03 03:56:34,To Sitedish via MultiSafepay,-14.75,0.00,EUR,COMPLETED,126.49
Card Payment,Current,2025-10-02 22:25:27,2025-10-03 11:34:47,Swapfiets,-29.69,0.00,EUR,COMPLETED,96.80
Card Payment,Current,2025-10-02 15:24:51,2025-10-03 16:10:01,Food station,-13.98,0.00,EUR,COMPLETED,82.82
Card Payment,Current,2025-10-03 19:18:32,2025-10-04 11:36:53,Maas,-1.70,0.00,EUR,COMPLETED,81.12
Card Payment,Current,2025-10-03 12:11:51,2025-10-04 12:20:43,Albert Heijn,-40.34,0.00,EUR,COMPLETED,40.78
Transfer,Current,2025-10-04 13:57:50,2025-10-04 13:57:51,Transfer to MIHNEA-ANDREI MATEA,-9.50,0.00,EUR,COMPLETED,31.28
Card Payment,Current,2025-10-04 19:53:12,2025-10-05 14:04:14,Maas,-1.70,0.00,EUR,COMPLETED,29.58
Transfer,Current,2025-10-05 23:45:31,2025-10-05 23:45:31,Transfer from SERGIU TIRON,9.00,0.00,EUR,COMPLETED,38.58
Card Payment,Current,2025-10-05 14:11:55,2025-10-06 12:29:17,Maas,-1.70,0.00,EUR,COMPLETED,36.88
Card Payment,Current,2025-10-05 23:54:46,2025-10-06 12:43:02,Supermarkt Delfia,-2.50,0.00,EUR,COMPLETED,34.38
Card Payment,Current,2025-10-05 23:45:39,2025-10-06 13:21:59,Doner Kingdom,-16.00,0.00,EUR,COMPLETED,18.38
Card Payment,Current,2025-10-06 17:52:52,2025-10-07 11:07:18,SPAR university,-2.60,0.00,EUR,COMPLETED,15.78
Transfer,Current,2025-10-07 13:53:14,2025-10-07 13:53:15,Transfer from DANIEL-CIPRIAN MIHOCI,700.00,0.00,EUR,COMPLETED,715.78
Card Payment,Current,2025-10-07 23:06:43,2025-10-08 16:10:38,Maas,-1.70,0.00,EUR,COMPLETED,714.08
Card Payment,Current,2025-10-07 09:40:30,2025-10-08 16:20:35,SPAR university,-2.94,0.00,EUR,COMPLETED,711.14
Transfer,Current,2025-10-09 01:30:18,2025-10-09 01:30:18,Transfer to SERGIU TIRON,-20.00,0.00,EUR,COMPLETED,691.14
Card Payment,Current,2025-10-08 20:21:26,2025-10-09 10:37:16,SPAR university,-1.80,0.00,EUR,COMPLETED,689.34
Card Payment,Current,2025-10-09 22:33:47,2025-10-10 12:32:51,Maas,-1.70,0.00,EUR,COMPLETED,687.64
Card Payment,Current,2025-10-09 18:08:18,2025-10-10 14:06:08,SPAR university,-1.80,0.00,EUR,COMPLETED,685.84
Card Payment,Current,2025-10-10 19:43:53,2025-10-11 11:23:18,Maas,-1.70,0.00,EUR,COMPLETED,684.14
Transfer,Current,2025-10-12 01:45:04,2025-10-12 01:45:04,Transfer to MIHNEA-ANDREI MATEA,-15.50,0.00,EUR,COMPLETED,668.64
Card Payment,Current,2025-10-11 13:32:21,2025-10-12 13:41:34,SPAR university,-1.49,0.00,EUR,COMPLETED,667.15
Card Payment,Current,2025-10-11 13:32:55,2025-10-12 13:41:40,SPAR university,-1.75,0.00,EUR,COMPLETED,665.40
Card Payment,Current,2025-10-11 21:27:50,2025-10-12 14:09:30,Maas,-1.70,0.00,EUR,COMPLETED,663.70
Transfer,Current,2025-10-12 21:04:54,2025-10-12 21:04:54,Transfer to MIHNEA-ANDREI MATEA,-9.00,0.00,EUR,COMPLETED,654.70
Transfer,Current,2025-10-10 18:04:26,2025-10-13 03:53:12,To TicketingPayments,-11.19,0.00,EUR,COMPLETED,643.51
Card Payment,Current,2025-10-12 19:50:33,2025-10-13 14:36:51,SPAR university,-4.55,0.00,EUR,COMPLETED,638.96
Card Payment,Current,2025-10-13 20:03:56,2025-10-14 12:56:15,Maas,-1.70,0.00,EUR,COMPLETED,637.26
Card Payment,Current,2025-10-13 10:37:43,2025-10-14 12:56:17,Maas,-0.71,0.00,EUR,COMPLETED,636.55
Card Payment,Current,2025-10-14 10:31:09,2025-10-15 13:17:19,SPAR university,-1.59,0.00,EUR,COMPLETED,634.96
Card Payment,Current,2025-10-14 10:31:40,2025-10-15 13:18:21,SPAR university,-1.95,0.00,EUR,COMPLETED,633.01
Card Payment,Current,2025-10-14 13:36:38,2025-10-15 13:24:02,SPAR university,-0.99,0.00,EUR,COMPLETED,632.02
Card Payment,Current,2025-10-14 20:28:19,2025-10-15 13:59:32,Maas,-1.70,0.00,EUR,COMPLETED,630.32
Transfer,Current,2025-10-15 21:49:16,2025-10-16 03:56:10,To NS Reizigers B.V.,-9.48,0.00,EUR,COMPLETED,620.84
Card Payment,Current,2025-10-15 13:26:58,2025-10-16 15:55:02,Maas,-1.70,0.00,EUR,COMPLETED,619.14
Card Payment,Current,2025-10-16 19:52:54,2025-10-17 10:48:22,Maas,-1.70,0.00,EUR,COMPLETED,617.44
Card Payment,Current,2025-10-16 11:42:01,2025-10-17 11:18:27,SPAR university,-6.44,0.00,EUR,COMPLETED,611.00
Card Payment,Current,2025-10-17 16:45:04,2025-10-18 11:03:11,SPAR university,-2.60,0.00,EUR,COMPLETED,608.40
Card Payment,Current,2025-10-16 21:20:54,2025-10-18 11:24:08,FlixBus,-23.55,0.00,EUR,COMPLETED,584.85
Transfer,Current,2025-10-18 23:39:19,2025-10-18 23:39:19,Transfer from DARIA ISTRATUCA,20.00,0.00,EUR,COMPLETED,604.85
Transfer,Current,2025-10-19 01:26:39,2025-10-19 01:26:39,Transfer to MIHNEA-ANDREI MATEA,-5.70,0.00,EUR,COMPLETED,599.15
Transfer,Current,2025-10-19 01:26:55,2025-10-19 01:26:55,Transfer to MIHNEA-ANDREI MATEA,-5.70,0.00,EUR,COMPLETED,593.45
Transfer,Current,2025-10-19 01:26:59,2025-10-19 01:27:00,Transfer from BIANCA-IOANA VITCU,5.70,0.00,EUR,COMPLETED,599.15
Transfer,Current,2025-10-19 06:06:07,2025-10-19 06:06:07,Transfer to DARIA ISTRATUCA,-4.00,0.00,EUR,COMPLETED,595.15
Card Payment,Current,2025-10-16 05:21:01,2025-10-19 10:48:34,OVpay,-15.80,0.00,EUR,COMPLETED,579.35
Card Payment,Current,2025-10-18 19:20:16,2025-10-19 11:57:19,SPAR university,-7.76,0.00,EUR,COMPLETED,571.59
Card Payment,Current,2025-10-18 09:49:13,2025-10-19 15:28:09,Aviflora,-29.99,0.00,EUR,COMPLETED,541.60
Card Payment,Current,2025-10-18 10:08:00,2025-10-19 15:37:36,Albert Heijn,-7.02,0.00,EUR,COMPLETED,534.58
Card Payment,Current,2025-10-18 17:36:41,2025-10-19 15:38:35,Jumbo Supermarkt,-50.54,0.00,EUR,COMPLETED,484.04
Card Payment,Current,2025-10-18 22:12:12,2025-10-19 15:40:23,Jumbo Supermarkt,-37.98,0.00,EUR,COMPLETED,446.06
Card Payment,Current,2025-10-18 21:50:30,2025-10-19 16:08:24,Doner Kingdom,-11.00,0.00,EUR,COMPLETED,435.06
Card Payment,Current,2025-10-19 20:29:22,2025-10-20 15:56:38,Doner Kingdom,-20.00,0.00,EUR,COMPLETED,415.06
Card Payment,Current,2025-10-18 23:56:28,2025-10-20 16:05:13,OVpay,-9.90,0.00,EUR,COMPLETED,405.16
Card Payment,Current,2025-10-19 01:19:20,2025-10-20 16:05:44,OVpay,-24.40,0.00,EUR,COMPLETED,380.76
Card Payment,Current,2025-10-19 01:39:32,2025-10-20 16:05:46,Bold,-1.00,0.00,EUR,COMPLETED,379.76
Card Payment,Current,2025-10-19 02:31:04,2025-10-20 16:05:51,Bold,-3.60,0.00,EUR,COMPLETED,376.16
Card Payment,Current,2025-10-19 04:47:00,2025-10-20 16:06:03,Bold,-3.20,0.00,EUR,COMPLETED,372.96
Card Payment,Current,2025-10-19 03:21:02,2025-10-20 16:06:05,Bold,-10.60,0.00,EUR,COMPLETED,362.36
Card Payment,Current,2025-10-18 10:17:34,2025-10-20 16:06:37,OVpay,-12.30,0.00,EUR,COMPLETED,350.06
Card Payment,Current,2025-10-19 02:48:57,2025-10-20 16:06:52,Clubstorage,-2.00,0.00,EUR,COMPLETED,348.06
Card Payment,Current,2025-10-20 22:34:11,2025-10-21 15:35:30,Stadscafe De Waag,-50.20,0.00,EUR,COMPLETED,297.86
Card Payment,Current,2025-10-20 12:48:05,2025-10-21 15:44:17,SPAR university,-4.59,0.00,EUR,COMPLETED,293.27
Card Payment,Current,2025-10-20 12:48:39,2025-10-21 15:44:20,SPAR university,-1.95,0.00,EUR,COMPLETED,291.32
Card Payment,Current,2025-10-20 13:34:14,2025-10-21 15:44:57,SPAR university,-1.75,0.00,EUR,COMPLETED,289.57
Card Payment,Current,2025-10-20 16:58:26,2025-10-21 15:51:09,SPAR university,-6.79,0.00,EUR,COMPLETED,282.78
Card Payment,Current,2025-10-21 17:14:36,2025-10-22 11:37:01,Albert Heijn,-5.65,0.00,EUR,COMPLETED,277.13
Card Payment,Current,2025-10-21 19:39:11,2025-10-22 11:37:32,Albert Heijn,-2.75,0.00,EUR,COMPLETED,274.38
Transfer,Current,2025-10-22 15:30:55,2025-10-22 15:30:56,Transfer to MIHNEA-ANDREI MATEA,-11.28,0.00,EUR,COMPLETED,263.10
Card Payment,Current,2025-10-21 11:29:01,2025-10-22 16:32:28,SPAR university,-2.88,0.00,EUR,COMPLETED,260.22
Card Payment,Current,2025-10-21 11:29:33,2025-10-22 16:32:30,SPAR university,-1.75,0.00,EUR,COMPLETED,258.47
Card Payment,Current,2025-10-21 14:27:25,2025-10-22 16:33:17,SPAR university,-3.90,0.00,EUR,COMPLETED,254.57
Card Payment,Current,2025-10-21 14:27:51,2025-10-22 16:33:18,SPAR university,-4.19,0.00,EUR,COMPLETED,250.38
Transfer,Current,2025-10-22 19:42:16,2025-10-22 19:42:17,Transfer from Revolut user,3.00,0.00,EUR,COMPLETED,253.38
Card Payment,Current,2025-10-22 10:38:03,2025-10-23 11:38:24,SPAR university,-1.95,0.00,EUR,COMPLETED,251.43
Card Payment,Current,2025-10-21 17:23:11,2025-10-23 14:09:23,OVpay,-16.30,0.00,EUR,COMPLETED,235.13
Card Payment,Current,2025-10-21 19:48:45,2025-10-23 14:09:23,OVpay,-3.51,0.00,EUR,COMPLETED,231.62
Card Payment,Current,2025-10-22 14:01:16,2025-10-23 14:09:44,Maas,-1.70,0.00,EUR,COMPLETED,229.92
Card Payment,Current,2025-10-22 13:43:38,2025-10-23 14:20:23,Bedrijfsrestaurant,-12.20,0.00,EUR,COMPLETED,217.72
Card Payment,Current,2025-10-23 15:27:28,2025-10-24 10:39:53,Food station,-11.99,0.00,EUR,COMPLETED,205.73
Card Payment,Current,2025-10-23 18:53:02,2025-10-24 11:27:20,Maas,-1.70,0.00,EUR,COMPLETED,204.03
Card Payment,Current,2025-10-23 17:39:32,2025-10-24 11:27:22,Maas,-0.71,0.00,EUR,COMPLETED,203.32
Card Payment,Current,2025-10-22 05:04:33,2025-10-24 15:53:26,OVpay,-16.30,0.00,EUR,COMPLETED,187.02
Card Payment,Current,2025-10-23 11:32:35,2025-10-24 16:02:07,Coffee-star,-2.45,0.00,EUR,COMPLETED,184.57
Card Payment,Current,2025-10-23 13:44:27,2025-10-24 16:05:37,SPAR university,-3.05,0.00,EUR,COMPLETED,181.52
Card Payment,Current,2025-10-23 16:11:06,2025-10-24 16:09:15,SPAR university,-0.99,0.00,EUR,COMPLETED,180.53
Rev Payment,Current,2025-10-25 01:14:29,2025-10-25 01:14:29,Vueling*VILADECANS,-135.98,0.00,EUR,COMPLETED,44.55
Card Payment,Current,2025-10-24 16:38:50,2025-10-25 10:53:16,SPAR university,-3.45,0.00,EUR,COMPLETED,41.10
Card Payment,Current,2025-10-24 18:47:54,2025-10-25 11:39:34,Maas,-1.70,0.00,EUR,COMPLETED,39.40
Exchange,Current,2025-10-25 21:53:54,2025-10-25 21:53:54,Exchanged to EUR,146.82,1.47,EUR,COMPLETED,184.75
Card Payment,Current,2025-10-25 16:12:44,2025-10-26 10:06:11,Food station,-13.98,0.00,EUR,COMPLETED,170.77
Card Payment,Current,2025-10-25 12:40:28,2025-10-26 14:53:32,SPAR university,-3.10,0.00,EUR,COMPLETED,167.67
Card Payment,Current,2025-10-25 12:41:11,2025-10-26 14:53:34,SPAR university,-1.75,0.00,EUR,COMPLETED,165.92
Transfer,Current,2025-10-26 19:29:17,2025-10-26 19:29:17,Transfer to MASSIMILIANO TOFFOLI,-13.83,0.00,EUR,COMPLETED,152.09
Transfer,Current,2025-10-26 21:22:15,2025-10-26 21:22:15,Transfer from MIHNEA-ANDREI MATEA,7.00,0.00,EUR,COMPLETED,159.09
Transfer,Current,2025-10-26 21:25:19,2025-10-26 21:25:20,Transfer from SERGIU TIRON,7.00,0.00,EUR,COMPLETED,166.09
Transfer,Current,2025-10-27 09:46:31,2025-10-27 09:46:32,Transfer from SERGIU TIRON,3.00,0.00,EUR,COMPLETED,169.09
Card Payment,Current,2025-10-26 14:16:20,2025-10-27 11:32:13,Albert Heijn,-57.77,0.00,EUR,COMPLETED,111.32
Card Payment,Current,2025-10-26 20:45:42,2025-10-27 11:36:20,SPAR university,-7.69,0.00,EUR,COMPLETED,103.63
Card Payment,Current,2025-10-27 09:14:03,2025-10-28 11:38:44,SPAR university,-3.10,0.00,EUR,COMPLETED,100.53
Card Payment,Current,2025-10-27 12:20:38,2025-10-28 11:41:19,Coffee-star,-2.45,0.00,EUR,COMPLETED,98.08
Card Payment,Current,2025-10-26 21:22:33,2025-10-28 13:09:17,Uber Eats,-20.89,0.00,EUR,COMPLETED,77.19
Card Payment,Current,2025-10-29 13:32:06,2025-10-30 15:41:46,Maas,-1.70,0.00,EUR,COMPLETED,75.49
Card Payment,Current,2025-10-30 09:17:42,2025-10-31 10:51:53,SPAR university,-1.75,0.00,EUR,COMPLETED,73.74
Card Payment,Current,2025-10-31 10:26:42,2025-11-01 12:42:42,SPAR university,-1.95,0.00,EUR,COMPLETED,71.79
Card Payment,Current,2025-10-31 12:11:33,2025-11-01 12:49:19,SPAR university,-4.60,0.00,EUR,COMPLETED,67.19
Card Payment,Current,2025-10-31 12:12:06,2025-11-01 12:49:20,SPAR university,-1.75,0.00,EUR,COMPLETED,65.44
Card Payment,Current,2025-10-31 16:44:59,2025-11-01 13:01:42,Albert Heijn,-54.05,0.00,EUR,COMPLETED,11.39
Card Payment,Current,2025-11-02 19:07:58,2025-11-03 15:50:00,Maas,-1.70,0.00,EUR,COMPLETED,9.69
Card Payment,Current,2025-11-02 15:27:42,2025-11-03 16:06:07,Coffee-star,-2.45,0.00,EUR,COMPLETED,7.24
Card Payment,Current,2025-11-03 12:36:09,2025-11-04 15:02:24,SPAR university,-1.75,0.00,EUR,COMPLETED,5.49
Card Payment,Current,2025-11-04 11:30:31,2025-11-05 10:35:59,SPAR university,-1.95,0.00,EUR,COMPLETED,3.54
Card Payment,Current,2025-11-04 14:02:11,2025-11-05 11:07:11,SPAR university,-0.99,0.00,EUR,COMPLETED,2.55
Card Payment,Current,2025-11-04 16:41:19,2025-11-05 16:47:38,Maas,-1.70,0.00,EUR,COMPLETED,0.85
Exchange,Current,2025-11-05 18:10:17,2025-11-05 18:10:17,Exchanged to EUR,624.72,0.00,EUR,COMPLETED,625.57
Transfer,Current,2025-11-05 20:07:57,2025-11-05 20:07:57,Transfer to MIHNEA-ANDREI MATEA,-12.00,0.00,EUR,COMPLETED,613.57
Transfer,Current,2025-11-06 21:56:50,2025-11-06 21:56:50,Transfer from MIHNEA-ANDREI MATEA,4.00,0.00,EUR,COMPLETED,617.57
Card Payment,Current,2025-11-06 15:38:33,2025-11-07 12:33:20,Food station,-9.99,0.00,EUR,COMPLETED,607.58
Card Payment,Current,2025-11-06 12:36:56,2025-11-07 13:02:59,Maas,-0.71,0.00,EUR,COMPLETED,606.87
Card Payment,Current,2025-11-06 21:42:20,2025-11-07 15:49:02,SPAR university,-9.09,0.00,EUR,COMPLETED,597.78
Transfer,Current,2025-11-07 22:38:49,2025-11-07 22:38:49,Transfer from OANA MIHOCI,20.00,0.00,EUR,COMPLETED,617.78
Transfer,Current,2025-11-08 01:22:50,2025-11-08 01:22:50,Transfer to SERGIU TIRON,-10.00,0.00,EUR,COMPLETED,607.78
Card Payment,Current,2025-11-07 12:58:57,2025-11-08 11:11:05,Food station,-11.99,0.00,EUR,COMPLETED,595.79
Card Payment,Current,2025-11-07 14:01:47,2025-11-08 11:54:58,SPAR university,-1.75,0.00,EUR,COMPLETED,594.04
Card Payment,Current,2025-11-07 18:04:08,2025-11-08 12:03:01,SPAR university,-2.62,0.00,EUR,COMPLETED,591.42
Card Payment,Current,2025-11-07 17:39:01,2025-11-08 12:14:32,Maas,-1.70,0.00,EUR,COMPLETED,589.72
Card Payment,Current,2025-11-07 22:31:36,2025-11-08 16:29:14,OpenAI,-19.33,0.00,EUR,COMPLETED,570.39
Card Payment,Current,2025-11-08 20:54:47,2025-11-09 14:26:28,Jumbo Supermarkt,-43.30,0.00,EUR,COMPLETED,527.09
Transfer,Current,2025-11-10 11:03:20,2025-11-10 12:12:02,To NS Reizigers B.V.,-19.52,0.00,EUR,COMPLETED,507.57
Card Payment,Current,2025-11-08 20:13:43,2025-11-10 15:29:34,OVpay,-1.94,0.00,EUR,COMPLETED,505.63
Transfer,Current,2025-11-10 16:56:23,2025-11-11 03:53:56,To Canon Nederland via CM.com,-5.00,0.00,EUR,COMPLETED,500.63
Card Payment,Current,2025-11-10 14:37:33,2025-11-11 15:21:21,SPAR university,-3.05,0.00,EUR,COMPLETED,497.58
Card Payment,Current,2025-11-09 05:51:59,2025-11-11 15:48:53,OVpay,-2.80,0.00,EUR,COMPLETED,494.78
Card Payment,Current,2025-11-10 15:33:05,2025-11-11 15:49:36,Maas,-1.70,0.00,EUR,COMPLETED,493.08
Transfer,Current,2025-11-12 01:30:39,2025-11-12 01:30:39,Transfer from Revolut user,7.00,0.00,EUR,COMPLETED,500.08
Transfer,Current,2025-11-12 01:31:20,2025-11-12 01:31:21,Transfer from DARIA ISTRATUCA,8.70,0.00,EUR,COMPLETED,508.78
Transfer,Current,2025-11-12 01:32:04,2025-11-12 01:32:04,Transfer from SERGIU TIRON,28.00,0.00,EUR,COMPLETED,536.78
Card Payment,Current,2025-11-12 01:30:21,2025-11-12 14:49:14,De Gist B V,-71.70,0.00,EUR,COMPLETED,465.08
Card Payment,Current,2025-11-11 19:33:04,2025-11-12 14:52:32,Maas,-1.70,0.00,EUR,COMPLETED,463.38
Card Payment,Current,2025-11-11 11:47:30,2025-11-13 11:07:40,SPAR university,-1.75,0.00,EUR,COMPLETED,461.63
Card Payment,Current,2025-11-12 18:19:48,2025-11-13 11:08:09,Food station,-11.99,0.00,EUR,COMPLETED,449.64
Card Payment,Current,2025-11-12 19:30:11,2025-11-13 11:43:20,Spar,-2.60,0.00,EUR,COMPLETED,447.04
Card Payment,Current,2025-11-12 15:20:38,2025-11-13 15:11:34,Prp 000083,-1.50,0.00,EUR,COMPLETED,445.54
Card Payment,Current,2025-11-12 15:19:36,2025-11-13 15:12:56,Prp 000083,-1.50,0.00,EUR,COMPLETED,444.04
Card Payment,Current,2025-11-13 10:45:45,2025-11-14 11:48:07,Spar,-6.10,0.00,EUR,COMPLETED,437.94
Card Payment,Current,2025-11-13 12:27:23,2025-11-14 11:49:53,Albert Heijn,-2.30,0.00,EUR,COMPLETED,435.64
Card Payment,Current,2025-11-13 12:53:27,2025-11-14 11:50:06,Albert Heijn,-2.60,0.00,EUR,COMPLETED,433.04
Card Payment,Current,2025-11-14 03:48:41,2025-11-14 13:10:01,Wizz Air,-10.20,0.00,EUR,COMPLETED,422.84
Card Payment,Current,2025-11-14 12:50:36,2025-11-15 15:56:49,Gist: Coffee,-2.77,0.00,EUR,COMPLETED,420.07
Card Payment,Current,2025-11-14 22:53:08,2025-11-15 15:58:33,Mega Image,-8.22,0.00,EUR,COMPLETED,411.85
Card Payment,Current,2025-11-14 10:56:38,2025-11-15 16:02:37,Lidl,-1.72,0.00,EUR,COMPLETED,410.13
Card Payment,Current,2025-11-14 05:43:36,2025-11-16 14:28:18,OVpay,-2.84,0.00,EUR,COMPLETED,407.29
Card Payment,Current,2025-11-15 12:41:31,2025-11-16 17:03:34,Attrius Developments,-0.60,0.01,EUR,COMPLETED,406.68
Card Payment,Current,2025-11-15 13:40:17,2025-11-16 17:03:36,Attrius Developments,-0.60,0.01,EUR,COMPLETED,406.07
Card Payment,Current,2025-11-15 13:09:49,2025-11-16 17:03:38,Tucano coffee,-6.92,0.07,EUR,COMPLETED,399.08
Card Payment,Current,2025-11-16 19:51:25,2025-11-17 15:18:38,Prodan Nicos Gabriel Int,-22.73,0.23,EUR,COMPLETED,376.12
Card Payment,Current,2025-11-16 21:48:32,2025-11-17 15:18:39,Salsa Food,-35.36,0.35,EUR,COMPLETED,340.41
Transfer,Current,2025-11-19 09:46:11,2025-11-19 09:46:11,Transfer to MIHNEA-ANDREI MATEA,-1.66,0.00,EUR,COMPLETED,338.75
Card Payment,Current,2025-11-18 19:49:32,2025-11-19 11:10:40,Food station,-11.99,0.00,EUR,COMPLETED,326.76
Card Payment,Current,2025-11-18 22:16:02,2025-11-19 11:53:40,Jumbo Supermarkt,-55.09,0.00,EUR,COMPLETED,271.67
Card Payment,Current,2025-11-18 15:19:20,2025-11-19 12:28:46,Albert Heijn,-2.75,0.00,EUR,COMPLETED,268.92
Card Payment,Current,2025-11-18 15:05:29,2025-11-19 12:30:48,Wizz Air,-5.50,0.00,EUR,COMPLETED,263.42
Card Payment,Current,2025-11-19 17:14:41,2025-11-20 13:22:03,Maas,-1.70,0.00,EUR,COMPLETED,261.72
Card Payment,Current,2025-11-19 21:49:42,2025-11-20 13:22:05,Maas,-1.70,0.00,EUR,COMPLETED,260.02
Card Payment,Current,2025-11-20 12:51:05,2025-11-21 11:19:07,Spar,-1.75,0.00,EUR,COMPLETED,258.27
Rev Payment,Current,2025-11-21 14:27:50,2025-11-21 14:27:51,Wizz Air Malta Limited*Luqa,-145.00,0.00,EUR,COMPLETED,113.27
Card Payment,Current,2025-11-19 05:08:20,2025-11-21 15:42:11,OVpay,-2.83,0.00,EUR,COMPLETED,110.44
Transfer,Current,2025-11-21 22:24:32,2025-11-21 22:24:33,Transfer to SERGIU TIRON,-11.00,0.00,EUR,COMPLETED,99.44
Card Payment,Current,2025-11-21 22:00:03,2025-11-22 11:46:51,Spar,-3.10,0.00,EUR,COMPLETED,96.34
Card Payment,Current,2025-11-22 16:50:00,2025-11-23 11:04:07,Food station,-11.99,0.00,EUR,COMPLETED,84.35
Transfer,Current,2025-11-23 11:46:00,2025-11-23 11:46:01,Transfer to MIHNEA-ANDREI MATEA,-8.50,0.00,EUR,COMPLETED,75.85
Card Payment,Current,2025-11-22 12:40:17,2025-11-23 11:55:18,Spar,-2.92,0.00,EUR,COMPLETED,72.93
Card Payment,Current,2025-11-22 12:40:42,2025-11-23 11:55:25,Spar,-1.75,0.00,EUR,COMPLETED,71.18
Exchange,Current,2025-11-23 18:31:48,2025-11-23 18:31:48,Exchanged to EUR,146.57,1.47,EUR,COMPLETED,216.28
Transfer,Current,2025-11-23 18:35:48,2025-11-24 04:07:37,To Stichting DUWO,-20.00,0.00,EUR,COMPLETED,196.28
Card Payment,Current,2025-11-23 13:06:55,2025-11-24 12:47:48,Spar,-3.05,0.00,EUR,COMPLETED,193.23
Card Payment,Current,2025-11-23 16:14:04,2025-11-24 13:27:46,Jumbo Supermarkt,-56.60,0.00,EUR,COMPLETED,136.63
Card Payment,Current,2025-11-24 17:42:10,2025-11-25 11:35:54,Spar,-0.99,0.00,EUR,COMPLETED,135.64
Card Payment,Current,2025-11-24 12:20:46,2025-11-25 15:53:37,Spar,-1.75,0.00,EUR,COMPLETED,133.89
Transfer,Current,2025-11-25 21:54:22,2025-11-25 21:54:22,Transfer to MIHNEA-ANDREI MATEA,-4.00,0.00,EUR,COMPLETED,129.89
Card Payment,Current,2025-11-25 20:56:20,2025-11-26 11:36:53,Food station,-11.99,0.00,EUR,COMPLETED,117.90
Card Payment,Current,2025-11-25 21:43:35,2025-11-26 12:10:47,Jumbo Supermarkt,-4.09,0.00,EUR,COMPLETED,113.81
Card Payment,Current,2025-11-25 19:09:37,2025-11-26 12:55:08,Maas,-1.70,0.00,EUR,COMPLETED,112.11
Transfer,Current,2025-11-26 22:25:33,2025-11-26 22:25:34,Transfer from DARIA ISTRATUCA,1.70,0.00,EUR,COMPLETED,113.81
Card Payment,Current,2025-11-26 22:25:02,2025-11-27 11:50:17,Maas,-3.40,0.00,EUR,COMPLETED,110.41
Card Payment,Current,2025-11-26 13:21:34,2025-11-27 12:18:42,Spar,-1.75,0.00,EUR,COMPLETED,108.66
Card Payment,Current,2025-11-26 21:45:08,2025-11-27 17:14:41,Food station,-8.99,0.00,EUR,COMPLETED,99.67
Transfer,Current,2025-11-27 18:51:57,2025-11-27 18:51:58,Transfer from MIHNEA-ANDREI MATEA,4.00,0.00,EUR,COMPLETED,103.67
Card Payment,Current,2025-11-26 05:10:19,2025-11-28 10:59:33,OVpay,-1.45,0.00,EUR,COMPLETED,102.22
Card Payment,Current,2025-11-27 22:10:08,2025-11-28 11:00:16,Maas,-1.70,0.00,EUR,COMPLETED,100.52
Card Payment,Current,2025-11-27 18:07:19,2025-11-28 15:34:55,Food station,-8.99,0.00,EUR,COMPLETED,91.53
Card Payment,Current,2025-11-27 14:07:42,2025-11-28 16:10:42,Spar,-1.50,0.00,EUR,COMPLETED,90.03
Card Payment,Current,2025-11-27 18:51:19,2025-11-28 16:12:50,Spar,-4.79,0.00,EUR,COMPLETED,85.24
Card Payment,Current,2025-11-28 17:09:23,2025-11-29 10:29:47,Food station,-11.49,0.00,EUR,COMPLETED,73.75
Card Payment,Current,2025-11-28 17:14:00,2025-11-29 18:21:15,Spar,-1.80,0.00,EUR,COMPLETED,71.95
Card Payment,Current,2025-11-29 09:46:17,2025-11-30 11:09:10,HMSHost International,-7.00,0.00,EUR,COMPLETED,64.95
Card Payment,Current,2025-11-29 08:57:53,2025-11-30 11:44:19,Albert Heijn,-1.54,0.00,EUR,COMPLETED,63.41
Card Payment,Current,2025-11-29 14:03:22,2025-11-30 12:45:17,Ferrocarrils de la Generalitat Valenciana,-13.70,0.00,EUR,COMPLETED,49.71
Transfer,Current,2025-12-01 12:19:07,2025-12-01 12:19:08,Transfer to Revolut user,-1.84,0.00,EUR,COMPLETED,47.87
Card Payment,Current,2025-12-01 23:43:08,2025-12-02 13:22:43,Maas,-1.70,0.00,EUR,COMPLETED,46.17
Card Payment,Current,2025-12-01 22:27:37,2025-12-02 13:40:39,Albert Heijn,-8.15,0.00,EUR,COMPLETED,38.02
Exchange,Current,2025-12-02 13:49:29,2025-12-02 13:49:29,Exchanged to EUR,195.07,0.00,EUR,COMPLETED,233.09
Card Payment,Current,2025-12-01 16:54:19,2025-12-02 14:17:48,Ferrocarrils de la Generalitat Valenciana,-5.90,0.00,EUR,COMPLETED,227.19
Card Payment,Current,2025-12-01 18:34:48,2025-12-02 14:18:02,Maquinasvendingcb.es,-1.70,0.00,EUR,COMPLETED,225.49
Card Payment,Current,2025-12-02 00:44:46,2025-12-02 14:26:16,Swapfiets,-23.90,0.00,EUR,COMPLETED,201.59
Transfer,Current,2025-12-02 18:13:05,2025-12-02 18:13:05,Transfer from MIHNEA-ANDREI MATEA,13.00,0.00,EUR,COMPLETED,214.59
Transfer,Current,2025-12-02 17:32:14,2025-12-03 03:57:36,To Doner Kingdom via MultiSafepay,-25.25,0.00,EUR,COMPLETED,189.34
Card Payment,Current,2025-12-02 09:24:37,2025-12-03 15:02:06,Newrest,-3.50,0.00,EUR,COMPLETED,185.84
Card Payment,Current,2025-12-02 19:54:10,2025-12-03 15:13:06,Maas,-1.70,0.00,EUR,COMPLETED,184.14
Card Payment,Current,2025-12-02 11:23:01,2025-12-03 16:16:05,Spar,-1.49,0.00,EUR,COMPLETED,182.65
Card Payment,Current,2025-12-04 01:37:23,2025-12-04 12:04:33,Factor Meals,-50.87,0.00,EUR,COMPLETED,131.78
Card Payment,Current,2025-12-03 19:06:22,2025-12-04 12:08:23,Food station,-11.99,0.00,EUR,COMPLETED,119.79
Card Payment,Current,2025-12-03 12:28:04,2025-12-04 12:15:02,Spar,-6.07,0.00,EUR,COMPLETED,113.72
Card Payment,Current,2025-12-03 12:28:29,2025-12-04 12:15:03,Spar,-1.75,0.00,EUR,COMPLETED,111.97
Transfer,Current,2025-12-04 19:15:22,2025-12-04 19:15:23,Transfer to SERGIU TIRON,-10.00,0.00,EUR,COMPLETED,101.97
Card Payment,Current,2025-12-04 13:45:51,2025-12-05 16:20:07,Spar,-4.60,0.00,EUR,COMPLETED,97.37
Card Payment,Current,2025-12-04 20:43:52,2025-12-05 16:26:37,Spar,-3.85,0.00,EUR,COMPLETED,93.52
Transfer,Current,2025-12-05 19:22:49,2025-12-05 19:22:50,Transfer from MIHNEA-ANDREI MATEA,14.00,0.00,EUR,COMPLETED,107.52
Card Payment,Current,2025-12-05 15:58:12,2025-12-06 10:46:04,Food station,-11.99,0.00,EUR,COMPLETED,95.53
Card Payment,Current,2025-12-05 20:05:45,2025-12-06 12:55:54,Maas,-1.70,0.00,EUR,COMPLETED,93.83
Card Payment,Current,2025-12-05 11:42:36,2025-12-06 13:17:34,Spar,-6.07,0.00,EUR,COMPLETED,87.76
Card Payment,Current,2025-12-05 19:22:57,2025-12-07 10:24:39,Uber Eats,-26.07,0.00,EUR,COMPLETED,61.69
Card Payment,Current,2025-12-06 17:18:05,2025-12-07 11:04:45,Maas,-1.70,0.00,EUR,COMPLETED,59.99
Card Payment,Current,2025-12-06 13:03:11,2025-12-07 11:36:09,Spar,-1.95,0.00,EUR,COMPLETED,58.04
Card Payment,Current,2025-12-06 13:03:36,2025-12-07 11:36:11,Spar,-1.75,0.00,EUR,COMPLETED,56.29
Transfer,Current,2025-12-07 12:27:22,2025-12-07 12:27:22,Transfer to SERGIU TIRON,-2.50,0.00,EUR,COMPLETED,53.79
Card Payment,Current,2025-12-07 20:55:21,2025-12-08 14:35:29,Spar,-2.60,0.00,EUR,COMPLETED,51.19
Card Payment,Current,2025-12-08 23:47:42,2025-12-09 10:26:50,Maas,-1.70,0.00,EUR,COMPLETED,49.49
Card Payment,Current,2025-12-08 11:46:27,2025-12-09 10:39:47,Spar,-6.07,0.00,EUR,COMPLETED,43.42
Card Payment,Current,2025-12-08 14:07:14,2025-12-09 10:41:06,Spar,-0.99,0.00,EUR,COMPLETED,42.43
Card Payment,Current,2025-12-08 14:07:42,2025-12-09 10:41:07,Spar,-1.75,0.00,EUR,COMPLETED,40.68
Transfer,Current,2025-12-10 00:02:47,2025-12-10 00:02:48,Transfer to SERGIU TIRON,-11.00,0.00,EUR,COMPLETED,29.68
Card Payment,Current,2025-12-09 18:37:47,2025-12-10 10:37:40,Food station,-11.99,0.00,EUR,COMPLETED,17.69
Card Payment,Current,2025-12-09 12:08:28,2025-12-10 15:06:53,Spar,-1.75,0.00,EUR,COMPLETED,15.94
Card Payment,Current,2025-12-09 12:07:50,2025-12-10 15:07:00,Spar,-6.47,0.00,EUR,COMPLETED,9.47
Transfer,Current,2025-12-10 23:15:39,2025-12-10 23:15:39,Transfer from MIHNEA-ANDREI MATEA,50.00,0.00,EUR,COMPLETED,59.47
Card Payment,Current,2025-12-10 18:55:56,2025-12-11 12:12:54,Food station,-8.99,0.00,EUR,COMPLETED,50.48
Card Payment,Current,2025-12-11 21:52:16,,Maas,-1.70,0.00,EUR,REVERTED,
Transfer,Current,2025-12-12 01:05:58,2025-12-12 01:05:58,Transfer to SERGIU TIRON,-9.50,0.00,EUR,COMPLETED,40.98
Transfer,Current,2025-12-12 12:40:07,2025-12-12 12:40:07,Transfer to MIHNEA-ANDREI MATEA,-5.00,0.00,EUR,COMPLETED,35.98
Rev Payment,Current,2025-12-12 13:12:27,2025-12-12 13:12:28,Wizz Air Malta Limited*Luqa,-28.21,0.00,EUR,COMPLETED,7.77
Card Payment,Current,2025-12-11 21:52:44,2025-12-12 13:40:36,Maas,-1.70,0.00,EUR,COMPLETED,6.07
Exchange,Current,2025-12-12 20:10:31,2025-12-12 20:10:31,Exchanged to EUR,29.24,0.00,EUR,COMPLETED,35.31
Transfer,Current,2025-12-12 22:03:57,2025-12-12 22:03:58,Transfer to MIHNEA-ANDREI MATEA,-14.00,0.00,EUR,COMPLETED,21.31
Exchange,Current,2025-12-12 22:15:16,2025-12-12 22:15:16,Exchanged to EUR,9.73,0.00,EUR,COMPLETED,31.04
Card Payment,Current,2025-12-12 22:15:23,2025-12-13 11:16:23,DÃ¶ner Kingdom,-8.00,0.00,EUR,COMPLETED,23.04
Card Payment,Current,2025-12-12 11:40:16,2025-12-13 11:44:04,Spar,-1.50,0.00,EUR,COMPLETED,21.54
Exchange,Current,2025-12-14 13:42:54,2025-12-14 13:42:54,Exchanged to EUR,9.76,0.10,EUR,COMPLETED,31.20
Card Payment,Current,2025-12-13 13:47:50,2025-12-14 15:20:36,Spar,-1.75,0.00,EUR,COMPLETED,29.45
Exchange,Current,2025-12-14 15:22:06,2025-12-14 15:22:06,Exchanged to EUR,9.76,0.10,EUR,COMPLETED,39.11
Transfer,Current,2025-12-12 20:11:07,2025-12-15 04:02:59,To NS Reizigers B.V.,-15.86,0.00,EUR,COMPLETED,23.25
Transfer,Current,2025-12-14 13:43:05,2025-12-15 04:23:24,To Vermaat Airport Horeca Exploitatie  via Stichting Mollie Payments,-9.95,0.00,EUR,COMPLETED,13.30
Card Payment,Current,2025-12-15 05:07:52,,OVpay,-2.84,0.00,EUR,PENDING,
Card Payment,Current,2025-12-15 05:05:01,2025-12-15 15:21:23,Wizz Air,-6.90,0.00,EUR,COMPLETED,6.40
Card Payment,Current,2025-12-13 05:09:02,2025-12-15 15:24:04,OVpay,-1.58,0.00,EUR,COMPLETED,4.82
